{"cameraMode":{"drawMode":0,"name":"Shaded","section":"Shading Mode"},"sceneLighting":true,"audioPlay":false,"sceneViewState":{"showFog":true,"showMaterialUpdate":false,"showSkybox":true,"showFlares":true,"showImageEffects":true,"showParticleSystems":true,"showVisualEffectGraphs":true,"m_FxEnabled":true},"in2DMode":false,"pivot":{"x":-0.7440550923347473,"y":2.2792935371398927,"z":0.5183010101318359},"rotation":{"x":-0.02760942280292511,"y":-0.9111152291297913,"z":0.06187794357538223,"w":-0.40656015276908877},"size":0.909170389175415,"orthographic":false}