{"cameraMode":{"drawMode":0,"name":"Shaded","section":"Shading Mode"},"sceneLighting":true,"audioPlay":false,"sceneViewState":{"showFog":true,"showMaterialUpdate":false,"showSkybox":true,"showFlares":true,"showImageEffects":true,"showParticleSystems":true,"showVisualEffectGraphs":true,"m_FxEnabled":true},"in2DMode":false,"pivot":{"x":-1.7985281944274903,"y":-0.3060636520385742,"z":0.41406941413879397},"rotation":{"x":0.06766819953918457,"y":-0.9314835667610169,"z":0.2717302739620209,"w":0.23241351544857026},"size":5.936638355255127,"orthographic":false}