{"cameraMode":{"drawMode":0,"name":"Shaded","section":"Shading Mode"},"sceneLighting":true,"audioPlay":false,"sceneViewState":{"showFog":true,"showMaterialUpdate":false,"showSkybox":true,"showFlares":true,"showImageEffects":true,"showParticleSystems":true,"showVisualEffectGraphs":true,"m_FxEnabled":true},"in2DMode":false,"pivot":{"x":308.2504577636719,"y":1341.906494140625,"z":14.343866348266602},"rotation":{"x":-0.040795840322971347,"y":-0.01857859641313553,"z":0.0006802940042689443,"w":-0.9990450143814087},"size":238.26951599121095,"orthographic":false}