{"cameraMode":{"drawMode":0,"name":"Shaded","section":"Shading Mode"},"sceneLighting":true,"audioPlay":false,"sceneViewState":{"showFog":true,"showMaterialUpdate":false,"showSkybox":true,"showFlares":true,"showImageEffects":true,"showParticleSystems":true,"showVisualEffectGraphs":true,"m_FxEnabled":true},"in2DMode":false,"pivot":{"x":-1.5489412546157838,"y":1.3534013032913209,"z":0.6191371083259583},"rotation":{"x":0.05405641719698906,"y":-0.9450628161430359,"z":0.2481827586889267,"w":0.20586097240447999},"size":0.6013346314430237,"orthographic":false}