{"cameraMode":{"drawMode":0,"name":"Shaded","section":"Shading Mode"},"sceneLighting":true,"audioPlay":false,"sceneViewState":{"showFog":true,"showMaterialUpdate":false,"showSkybox":true,"showFlares":true,"showImageEffects":true,"showParticleSystems":true,"showVisualEffectGraphs":true,"m_FxEnabled":true},"in2DMode":false,"pivot":{"x":-5.021082401275635,"y":3.0900001525878908,"z":3.0525901317596437},"rotation":{"x":0.0911085307598114,"y":-0.8448299765586853,"z":0.15276210010051728,"w":0.5046992301940918},"size":0.35962074995040896,"orthographic":false}