{"cameraMode":{"drawMode":0,"name":"Shaded","section":"Shading Mode"},"sceneLighting":true,"audioPlay":false,"sceneViewState":{"showFog":true,"showMaterialUpdate":false,"showSkybox":true,"showFlares":true,"showImageEffects":true,"showParticleSystems":true,"showVisualEffectGraphs":true,"m_FxEnabled":true},"in2DMode":false,"pivot":{"x":0.9549217224121094,"y":3.303248882293701,"z":-0.26220375299453738},"rotation":{"x":-0.058569785207509997,"y":-0.9340015053749085,"z":0.3030923306941986,"w":-0.18009287118911744},"size":0.614364743232727,"orthographic":false}